Set_name,RMSE
2018@2,0.4290828264751004
2015@3,0.33545002772702825
2016@5,0.3954987856413779
